{
    "$schema": "https://vega.github.io/schema/vega-lite/v4.json",
    "data": {
        "values": "<DVC_METRIC_DATA>"
    },
    "title": "<DVC_METRIC_TITLE>",
    "mark": "rect",
    "encoding": {
        "x": {
            "field": "<DVC_METRIC_X>",
            "type": "nominal",
            "sort": "ascending",
            "title": "<DVC_METRIC_X_LABEL>"
        },
        "y": {
            "field": "<DVC_METRIC_Y>",
            "type": "nominal",
            "sort": "ascending",
            "title": "<DVC_METRIC_Y_LABEL>"
        },
        "color": {
            "aggregate": "count",
            "type": "quantitative"
        },
        "facet": {
            "field": "rev",
            "type": "nominal"
        }
    }
}
